Open,High,Low,Close,Adj Close,Volume,rsi_14,rsi_21,bb_bbm,bb_bbh,bb_bbl,bb_bbhi,bb_bbli
40699.60546875,41060.52734375,35791.42578125,36457.31640625,36457.31640625,43011992031,15.327895944306022,16.603958455193478,,,,0.0,0.0
36471.58984375,36688.8125,34349.25,35030.25,35030.25,39714385405,13.41420184098142,14.817018209647145,,,,0.0,0.0
35047.359375,36433.3125,34784.96875,36276.8046875,36276.8046875,26017975951,22.514624328224073,22.469902944207945,,,,0.0,0.0
36275.734375,37247.51953125,33184.05859375,36654.328125,36654.328125,41856658597,25.082736914690656,24.6233348088943,,,,0.0,0.0
36654.8046875,37444.5703125,35779.4296875,36954.00390625,36954.00390625,26428189594,27.146857277295624,26.328848814405035,,,,0.0,0.0
36950.515625,38825.41015625,36374.90625,36852.12109375,36852.12109375,31324598034,26.875745986188875,26.11789127154688,,,,0.0,0.0
36841.87890625,37148.32421875,35629.28125,37138.234375,37138.234375,25041426629,29.01956672430721,27.823139346302682,,,,0.0,0.0
37128.4453125,37952.87890625,36211.109375,37784.33203125,37784.33203125,22238830523,33.74346533597303,31.568174163588566,,,,0.0,0.0
37780.71484375,38576.26171875,37406.47265625,38138.1796875,38138.1796875,17194183075,36.245956193024,33.55086349528146,,,,0.0,0.0
38151.91796875,38266.33984375,37437.7109375,37917.6015625,37917.6015625,14643548444,35.34964335091637,32.92644352746035,,,,0.0,0.0
37920.28125,38647.26171875,36733.57421875,38483.125,38483.125,20734730465,39.48164087856268,36.12659556496638,,,,0.0,0.0
38481.765625,39115.1328125,38113.6640625,38743.2734375,38743.2734375,20288500328,41.338991724979024,37.5654089227895,,,,0.0,0.0
38743.71484375,38834.6171875,36832.73046875,36952.984375,36952.984375,19155189416,33.67865065105306,32.30681352279747,,,,0.0,0.0
36944.8046875,37154.6015625,36375.5390625,37154.6015625,37154.6015625,18591534769,35.136385217174166,33.40908934946373,,,,0.0,0.0
37149.265625,41527.78515625,37093.62890625,41500.875,41500.875,29412210792,57.051617812569525,51.34283238254658,,,,0.0,0.0
41501.48046875,41847.1640625,41038.09765625,41441.1640625,41441.1640625,19652846215,56.76784624337822,51.144141460771905,,,,0.0,0.0
41441.12109375,42500.78515625,41244.90625,42412.43359375,42412.43359375,16142097334,60.232793003702625,54.1731034464916,,,,0.0,0.0
42406.78125,44401.86328125,41748.15625,43840.28515625,43840.28515625,28641855926,64.71056868373789,58.175671673972474,,,,0.0,0.0
43854.65234375,45293.8671875,42807.8359375,44118.4453125,44118.4453125,33079398868,65.52496995069826,58.90977630102862,,,,0.0,0.0
44096.703125,44727.80078125,43232.96875,44338.796875,44338.796875,23245887300,66.19060634448812,59.50104288887791,38909.4578125,44576.07555204225,33242.84007295774,0.0,0.0
44347.80078125,45661.171875,43402.80859375,43565.11328125,43565.11328125,32142048537,61.68702348616648,56.503556832191,39264.84765625,45158.723708172336,33370.971604327664,0.0,0.0
43571.12890625,43810.83203125,42114.5390625,42407.9375,42407.9375,26954925781,55.59428448341287,52.36102388484661,39633.73203125,45341.8763425004,33925.5877199996,0.0,0.0
42412.30078125,42992.55078125,41852.57421875,42244.46875,42244.46875,18152390304,54.77129953205543,51.79774208603803,39932.115234375,45529.98789629885,34334.24257245115,0.0,0.0
42236.56640625,42693.0546875,41950.94140625,42197.515625,42197.515625,14741589015,54.52164174439866,51.63023209131647,40209.274609375,45677.961762760606,34740.5874559894,0.0,0.0
42157.3984375,42775.77734375,41681.95703125,42586.91796875,42586.91796875,20827783012,56.300680812704265,52.95507989253618,40490.9203125,45838.86590796008,35142.97471703992,0.0,0.0
42586.46484375,44667.21875,42491.03515625,44575.203125,44575.203125,22721659051,64.03651671494355,58.9788601145953,40877.0744140625,46233.58105542945,35520.567772695555,0.0,0.0
44578.27734375,44578.27734375,43456.69140625,43961.859375,43961.859375,19792547657,60.47977211316916,56.63020582250872,41218.2556640625,46446.44268262906,35990.068645495936,0.0,0.0
43937.0703125,44132.97265625,40249.37109375,40538.01171875,40538.01171875,26246662813,45.340461779711866,45.91346799369787,41355.9396484375,46355.168793488134,36356.71050338687,0.0,0.0
40552.1328125,40929.15234375,39637.6171875,40030.9765625,40030.9765625,23310007704,43.59989876825496,44.601049081796816,41450.5794921875,46271.03329314862,36630.12569122638,0.0,0.0
40026.0234375,40418.87890625,39713.05859375,40122.15625,40122.15625,13736557863,44.01610790428708,44.89845219207125,41560.8072265625,46148.26069065821,36973.353762466795,0.0,0.0
40118.1015625,40119.890625,38112.8125,38431.37890625,38431.37890625,18340576452,38.362659462690516,40.64954474645294,41558.219921875,46152.66670614801,36963.773137601995,0.0,0.0
38423.2109375,39394.4375,36950.4765625,37075.28125,37075.28125,29280402798,34.53168864616522,37.64904425715852,41474.8203125,46324.11741201044,36625.52321298956,0.0,0.0
37068.76953125,38359.85546875,36488.93359375,38286.02734375,38286.02734375,25493150450,40.26705131851928,41.68433350014636,41541.4724609375,46172.04395851009,36910.900963364904,0.0,0.0
38285.28125,39122.39453125,37201.81640625,37296.5703125,37296.5703125,21849073843,37.38466747844872,39.491200104535984,41548.5708984375,46152.58028558282,36944.56151129218,0.0,0.0
37278.56640625,38968.83984375,34459.21875,38332.609375,38332.609375,46383802093,42.061313568147256,42.7999006254297,41390.1576171875,46203.114098449005,36577.20113592599,0.0,0.0
38333.74609375,39630.32421875,38111.34375,39214.21875,39214.21875,26545599159,45.77286295149365,45.464357662106714,41278.8103515625,46184.05029426899,36373.570408856,0.0,0.0
39213.08203125,40005.34765625,38702.53515625,39105.1484375,39105.1484375,17467554129,45.385499396230315,45.19090470069797,41113.44609375,46077.30935100833,36149.58283649167,0.0,0.0
39098.69921875,39778.94140625,37268.9765625,37709.78515625,37709.78515625,23450127612,40.64637687199409,41.81267226216678,40806.92109375,45816.30822544553,35797.53396205448,0.0,0.0
37706.0,43760.45703125,37518.21484375,43193.234375,43193.234375,35690014104,58.83675251123747,55.52980546235771,40760.660546875,45662.808950115,35858.512143634995,0.0,0.0
43194.50390625,44793.6015625,42952.5859375,44354.63671875,44354.63671875,32479047645,61.52625789438085,57.74509377748543,40761.4525390625,45665.91759517754,35856.98748294746,0.0,0.0
44357.6171875,45077.578125,43432.8515625,43924.1171875,43924.1171875,29183112630,59.96226189227143,56.64675647197344,40779.402734375,45727.2179565559,35831.5875121941,0.0,0.0
43925.1953125,44021.578125,41914.75,42451.7890625,42451.7890625,24967782593,54.8291245813094,53.025131729490184,40781.5953125,45732.33327292366,35830.857352076346,0.0,0.0
42458.140625,42479.61328125,38805.84765625,39137.60546875,39137.60546875,28516271427,45.406362509533,46.06439753031146,40626.2521484375,45578.60725896198,35673.897037913026,0.0,0.0
39148.44921875,39566.3359375,38777.03515625,39400.5859375,39400.5859375,16975917450,46.19651145417956,46.64792438170402,40486.4056640625,45411.268173162694,35561.5431549623,0.0,0.0
39404.19921875,39640.17578125,38211.6484375,38419.984375,38419.984375,19745229902,43.65907468462363,44.75227164997709,40278.058984375,45182.36590565785,35373.75206309215,0.0,0.0
38429.3046875,39430.2265625,37260.203125,38062.0390625,38062.0390625,28546143503,42.73630815793596,44.065926202979426,39952.40078125,44525.91940730371,35378.88215519629,0.0,0.0
38059.90234375,39304.44140625,37957.38671875,38737.26953125,38737.26953125,25776583476,45.093844393140586,45.714970789713874,39691.1712890625,43901.19104916484,35481.15152896016,0.0,0.0
38742.81640625,42465.671875,38706.09375,41982.92578125,41982.92578125,32284121034,54.73953299597849,52.7462171918698,39763.4169921875,44077.392954312665,35449.441030062335,0.0,0.0
41974.0703125,42004.7265625,38832.94140625,39437.4609375,39437.4609375,31078064711,47.66693897433534,47.66248351848316,39733.7412109375,44048.11229361071,35419.37012826429,0.0,0.0
39439.96875,40081.6796875,38347.43359375,38794.97265625,38794.97265625,26364890465,46.04965309262775,46.47534472205201,39667.38203125,43996.61610986387,35338.147952636136,0.0,0.0
38794.46484375,39308.59765625,38772.53515625,38904.01171875,38904.01171875,14616450657,46.382144596485546,46.71186129545978,39691.013671875,43998.1054971646,35383.9218465854,0.0,0.0
38884.7265625,39209.3515625,37728.14453125,37849.6640625,37849.6640625,17300745310,43.585031138821485,44.70616070826057,39729.7328125,43955.22044829933,35504.245176700664,0.0,0.0
37846.31640625,39742.5,37680.734375,39666.75390625,39666.75390625,24322159070,49.26380292896224,48.69273325330441,39798.769140625,43972.450713806626,35625.08756744338,0.0,0.0
39664.25,39794.62890625,38310.2109375,39338.78515625,39338.78515625,23934000868,48.318407661152726,48.0363786316914,39900.8798828125,43921.82861634764,35879.93114927736,0.0,0.0
39335.5703125,41465.453125,39022.34765625,41143.9296875,41143.9296875,39616916192,53.59675582176737,51.79184373530099,40041.4458984375,44029.695337097895,36053.19645977711,0.0,0.0
41140.84375,41287.53515625,40662.87109375,40951.37890625,40951.37890625,22009601093,52.97523875604841,51.37598380482533,40128.30390625,44116.37248585207,36140.23532664793,0.0,0.0
40944.83984375,42195.74609375,40302.3984375,41801.15625,41801.15625,34421564942,55.43156734483664,53.120278615856314,40263.104296875,44285.83023639785,36240.37835735214,0.0,0.0
41794.6484375,42316.5546875,41602.66796875,42190.65234375,42190.65234375,19664853187,56.55181525405582,53.91590176865661,40487.14765625,44414.07302411936,36560.222288380646,0.0,0.0
42191.40625,42241.1640625,41004.7578125,41247.82421875,41247.82421875,20127946682,53.07417887341243,51.68635287454785,40389.8771484375,44136.08073857029,36643.67355830472,0.0,0.0
41246.1328125,41454.41015625,40668.04296875,41077.99609375,41077.99609375,24615543271,52.4485270913162,51.285247054117534,40226.0451171875,43524.152975850164,36927.93725852484,0.0,0.0
41074.10546875,43124.70703125,40948.28125,42358.80859375,42358.80859375,32004652376,56.60346975575474,54.105627859378615,40147.7796875,43152.376522248785,37143.18285275121,0.0,0.0
42364.37890625,42893.5078125,41877.5078125,42892.95703125,42892.95703125,25242943069,58.242172008410776,55.24037574455325,40169.8380859375,43247.363672724074,37092.31249915093,0.0,0.0
42886.65234375,44131.85546875,42726.1640625,43960.93359375,43960.93359375,31042992291,61.38208964830378,57.44908190664151,40411.0044921875,43860.62751361839,36961.38147075661,1.0,0.0
43964.546875,44999.4921875,43706.28515625,44348.73046875,44348.73046875,30574413034,62.48517852743457,58.2348554137505,40658.41171875,44473.120841230026,36843.70259626998,0.0,0.0
44349.859375,44735.99609375,44166.2734375,44500.828125,44500.828125,16950455995,62.93239639498893,58.55007969481892,40962.45390625,44979.03957758424,36945.86823491575,0.0,0.0
44505.35546875,46827.546875,44437.29296875,46820.4921875,46820.4921875,28160889722,69.00172959612635,63.01967561123709,41400.3765625,45933.22298516738,36867.53013983263,1.0,0.0
46821.8515625,48086.8359375,46690.203125,47128.00390625,47128.00390625,36362175703,69.70978953171142,63.5665290964277,41819.91328125,46818.44983145811,36821.3767310419,1.0,0.0
47100.4375,48022.2890625,47100.4375,47465.73046875,47465.73046875,31397059069,70.50658320927924,64.17740107857625,42094.053515625,47666.70924689501,36521.39778435499,0.0,0.0
47456.8984375,47655.1484375,46746.2109375,47062.6640625,47062.6640625,29333883962,68.20074529474076,62.85670778504099,42475.313671875,48306.17775881402,36644.44958493599,0.0,0.0
47062.1484375,47512.02734375,45390.5390625,45538.67578125,45538.67578125,33327427106,60.186088429041554,58.10926689246383,42812.498828125,48531.94427032885,37093.05338592114,0.0,0.0
45554.1640625,46616.2421875,44403.140625,46281.64453125,46281.64453125,38162644287,62.499768796099175,59.66856734191539,43181.38046875,48795.60362002015,37567.157317479854,0.0,0.0
46285.5,47028.28125,45782.51171875,45868.94921875,45868.94921875,29336594194,60.40010444069173,58.40068751764321,43582.3447265625,48743.31144200889,38421.37801111611,0.0,0.0
45859.12890625,47313.4765625,45634.10546875,46453.56640625,46453.56640625,25414397610,62.33067648195287,59.67517710462084,43921.6853515625,48897.36436966669,38946.0063334583,0.0,0.0
46445.2734375,46791.08984375,45235.81640625,46622.67578125,46622.67578125,32499785455,62.89420321361364,60.046956579748624,44285.8798828125,48921.10437414476,39650.65539148024,0.0,0.0
46624.5078125,47106.140625,45544.80859375,45555.9921875,45555.9921875,29640604055,57.092465227854994,56.591380495669235,44506.4830078125,48938.06398725384,40074.902028371165,0.0,0.0
45544.35546875,45544.35546875,43193.953125,43206.73828125,43206.73828125,39393395788,46.843580651422684,49.94473098005236,44619.2509765625,48790.360871362485,40448.141081762515,0.0,0.0
43207.5,43860.69921875,42899.90625,43503.84765625,43503.84765625,26101973106,48.11220802398333,50.713430793815235,44704.385546875,48708.09126908613,40700.679824663865,0.0,0.0
43505.13671875,43903.01953125,42183.2890625,42287.6640625,42287.6640625,27215995394,43.53229347344826,47.5733366262724,44709.2361328125,48700.96545988864,40717.50680573635,0.0,0.0
42282.078125,42786.81640625,42183.25390625,42782.13671875,42782.13671875,16050772496,45.79170658794095,48.92346040424319,44785.9517578125,48561.77349814088,41010.13001748412,0.0,0.0
42781.08984375,43376.37890625,42021.20703125,42207.671875,42207.671875,17654475582,43.60860689817882,47.4333593389909,44842.435546875,48423.467036616676,41261.404057133324,0.0,0.0
42201.0390625,42424.58984375,39373.05859375,39521.90234375,39521.90234375,33949912166,35.167205246987464,41.2636984419393,44700.590234375,48844.40976525009,40556.770703499904,0.0,1.0
39533.71484375,40617.5859375,39388.328125,40127.18359375,40127.18359375,30991500854,38.07639305435917,43.01756360871086,44562.3015625,49103.716251567785,40020.88687343221,0.0,0.0
40123.5703125,41430.0546875,39712.74609375,41166.73046875,41166.73046875,27691105228,42.821856229767135,45.9291454021911,44422.59140625,49195.43370312274,39649.74910937726,0.0,0.0
41160.21875,41451.48046875,39695.74609375,39935.515625,39935.515625,24342001973,39.008910434722736,43.185042479199026,44201.9306640625,49360.50969941369,39043.35162871131,0.0,0.0
39939.40234375,40617.72265625,39866.83203125,40553.46484375,40553.46484375,21756855753,41.80950857016953,44.91932377020335,44004.5625,49398.958993138964,38610.166006861036,0.0,0.0
40552.31640625,40633.6796875,40078.42578125,40424.484375,40424.484375,16833150693,41.38238282999917,44.620816557791116,43684.762109375,49131.58909772759,38237.935121022405,0.0,0.0
40417.77734375,40570.7265625,39620.89453125,39716.953125,39716.953125,19087633042,39.02704754709557,42.97585001559735,43314.2095703125,48781.95191219104,37846.46722843396,0.0,0.0
39721.203125,40986.3203125,38696.19140625,40826.21484375,40826.21484375,33705182072,44.37267290856987,46.23848686682223,42982.2337890625,48202.03963197209,37762.42794615291,0.0,0.0
40828.17578125,41672.9609375,40618.6328125,41502.75,41502.75,25303206547,47.40150790789623,48.13868583427071,42704.2380859375,47607.81217092815,37800.66400094685,0.0,0.0
41501.74609375,42126.30078125,40961.09765625,41374.37890625,41374.37890625,27819532341,46.87991011135603,47.802065437813134,42496.0232421875,47251.916722933114,37740.12976144188,0.0,0.0
41371.515625,42893.58203125,40063.828125,40527.36328125,40527.36328125,35372786395,43.48018474880477,45.593246126753364,42208.3091796875,46702.343444429665,37714.27491494534,0.0,0.0
40525.86328125,40777.7578125,39315.41796875,39740.3203125,39740.3203125,28011716745,40.53837169865918,43.626448355770826,41901.877734375,46186.60406875928,37617.15139999071,0.0,0.0
39738.72265625,39935.859375,39352.203125,39486.73046875,39486.73046875,16138021249,39.60848503918404,42.99891131549601,41553.5359375,45413.13760613912,37693.934268860874,0.0,0.0
39478.375,39845.92578125,39233.5390625,39469.29296875,39469.29296875,17964398167,39.54131866367501,42.954300740214826,41195.866796875,44376.1803322671,38015.553261482906,0.0,0.0
39472.60546875,40491.75390625,38338.37890625,40458.30859375,40458.30859375,35445730570,45.21575796137602,46.2738154306029,40940.9826171875,43423.15709521742,38458.80813915758,0.0,0.0
40448.421875,40713.890625,37884.984375,38117.4609375,38117.4609375,34569088416,36.48692425107255,40.42743383414883,40686.51875,43230.12011221339,38142.91738778661,0.0,1.0
38120.30078125,39397.91796875,37997.3125,39241.12109375,39241.12109375,30981015184,42.250127654176865,43.993901558554754,40473.382421875,42735.8072175594,38210.957626190604,0.0,0.0
39241.4296875,40269.46484375,38941.421875,39773.828125,39773.828125,33903704907,44.80707814739749,45.61465381103124,40347.690625,42467.8141858979,38227.567064102106,0.0,0.0
39768.6171875,39887.26953125,38235.53515625,38609.82421875,38609.82421875,30882994649,40.57917353430653,42.77462446570154,40139.075,42072.872396320854,38205.27760367914,0.0,0.0
38605.859375,38771.2109375,37697.94140625,37714.875,37714.875,23895713731,37.63854591614332,40.727521531034036,39914.43515625,41878.423611960796,37950.44670053921,0.0,1.0
37713.265625,38627.859375,37585.7890625,38469.09375,38469.09375,27002760110,41.48688779698269,43.13566134882917,39861.7947265625,41919.257374865214,37804.33207825978,0.0,0.0
38472.1875,39074.97265625,38156.5625,38529.328125,38529.328125,32922642426,41.79580597219459,43.328737167095774,39781.901953125,41914.65330451624,37649.15060173376,0.0,0.0
38528.109375,38629.99609375,37585.62109375,37750.453125,37750.453125,27326943244,38.93346505187981,41.41930870190801,39611.0880859375,41818.73970761322,37403.43646426179,0.0,0.0
37748.01171875,39902.94921875,37732.05859375,39698.37109375,39698.37109375,36754404490,48.44308499649332,47.49530749653388,39599.230859375,41802.327844637,37396.133874112995,0.0,0.0
39695.74609375,39789.28125,35856.515625,36575.140625,36575.140625,43106256317,38.17746800253144,40.4347275364328,39400.3146484375,41918.702533636446,36881.92676323856,0.0,1.0
36573.18359375,36624.359375,35482.1328125,36040.921875,36040.921875,37795577489,36.74320092557743,39.38323675076815,39181.1365234375,42044.2538060311,36318.019240843896,0.0,1.0
36042.50390625,36129.92578125,34940.82421875,35501.953125,35501.953125,24375896406,35.3022332796251,38.3274064065267,38970.3865234375,42236.827481675035,35703.94556519996,0.0,1.0
35502.94140625,35502.94140625,33878.96484375,34059.265625,34059.265625,36763041910,31.716664056384232,35.641811612024284,38632.0390625,42419.7458174217,34844.3323075783,0.0,1.0
34060.015625,34222.07421875,30296.953125,30296.953125,30296.953125,63355494961,24.677458580296403,29.904155749337917,38071.74921875,43105.3919240885,33038.106513411505,0.0,1.0
30273.654296875,32596.30859375,29944.802734375,31022.90625,31022.90625,59811038817,27.998074517063415,32.118124918476184,37554.1755859375,43212.95583370684,31895.395338168153,0.0,1.0
31016.18359375,32013.40234375,28170.4140625,28936.35546875,28936.35546875,70388855818,24.636261521541442,29.323022592182227,36974.6251953125,43590.03712289334,30359.213267731666,0.0,1.0
28936.734375,30032.439453125,26350.490234375,29047.751953125,29047.751953125,66989173272,25.152971867109713,29.666140828959954,36439.99677734375,43765.1325968132,29114.860957874305,0.0,1.0
29030.91015625,30924.802734375,28782.330078125,29283.103515625,29283.103515625,42841124537,26.30262552037314,30.41553963544908,35929.8154296875,43740.3328093715,28119.298050003494,0.0,0.0
29285.642578125,30192.802734375,28702.91015625,30101.265625,30101.265625,28579868620,30.310086900761434,33.020505235718645,35461.4140625,43487.33461346811,27435.493511531888,0.0,0.0
30098.5859375,31308.19140625,29527.740234375,31305.11328125,31305.11328125,25835372065,35.83859614098186,36.682637399758164,35003.754296875,42880.2234989808,27127.285094769202,0.0,0.0
31304.375,31305.341796875,29251.884765625,29862.91796875,29862.91796875,32613897286,32.5111733146866,34.322115459091535,34591.0271484375,42634.906692365985,26547.14760450901,0.0,0.0
29862.408203125,30694.490234375,29570.302734375,30425.857421875,30425.857421875,29101473475,35.04620742273886,36.00978708955002,34150.26396484375,42092.04981006474,26208.478119622756,0.0,0.0
30424.478515625,30618.716796875,28720.271484375,28720.271484375,28720.271484375,31285268319,31.2198985901762,33.288558632520306,33597.5861328125,41434.81907321871,25760.353192406303,0.0,0.0
28720.359375,30430.751953125,28708.955078125,30314.333984375,30314.333984375,33773447707,38.02976451833157,37.89427435354858,33182.81162109375,40789.749992601784,25575.87324958572,0.0,0.0
30311.119140625,30664.9765625,28793.60546875,29200.740234375,29200.740234375,30749382605,35.39340734954634,36.06774549019207,32757.1048828125,40254.04194347595,25260.167822149044,0.0,0.0
29199.859375,29588.869140625,29027.39453125,29432.2265625,29432.2265625,17274840442,36.38071530746537,36.73334907161533,32305.2615234375,39451.80022487234,25158.72282200266,0.0,0.0
29432.47265625,30425.861328125,29275.18359375,30323.72265625,30323.72265625,21631532270,40.17259662963264,39.28925344629895,31894.98125,38485.67120206996,25304.291297930038,0.0,0.0
30309.396484375,30590.5859375,28975.560546875,29098.91015625,29098.91015625,31483454557,36.917023320445416,37.12562353421505,31462.4041015625,37577.54879514027,25347.259407984737,0.0,0.0
29101.125,29774.35546875,28786.58984375,29655.5859375,29655.5859375,26616506245,39.32378696901966,38.73567178838586,30960.26484375,35805.170126907055,26115.359560592944,0.0,0.0
29653.134765625,30157.78515625,29384.94921875,29562.361328125,29562.361328125,27525063551,39.05505984683634,38.56203462376862,30609.62587890625,34740.821505855194,26478.430251957303,0.0,0.0
29564.77734375,29834.16015625,28261.90625,29267.224609375,29267.224609375,36774325352,38.16584160023429,37.995860715208934,30270.941015625,33597.88564334421,26943.996387905794,0.0,0.0
29251.140625,29346.943359375,28326.61328125,28627.57421875,28627.57421875,36582005748,36.23998824532851,36.767399227191525,29927.2220703125,32307.01681998554,27547.427320639457,0.0,0.0
28622.625,28814.900390625,28554.56640625,28814.900390625,28814.900390625,35519577634,37.238791934043235,37.38986430588165,29665.00380859375,31155.334141006595,28174.673476180902,0.0,0.0
29019.8671875,29498.009765625,28841.107421875,29445.95703125,29445.95703125,18093886409,40.613778212314614,39.496613389127724,29622.45400390625,31086.54651007711,28158.361497735386,0.0,0.0
29443.365234375,31949.630859375,29303.572265625,31726.390625,31726.390625,39277993274,50.890997084106196,46.346796970028535,29657.62822265625,31279.871893121654,28035.384552190848,1.0,0.0
31723.865234375,32249.86328125,31286.154296875,31792.310546875,31792.310546875,33538210634,51.15414598126557,46.530542531220796,29800.4259765625,31632.756891065466,27968.095062059532,1.0,0.0
31792.5546875,31957.28515625,29501.587890625,29799.080078125,29799.080078125,41135817341,43.55441619135149,41.96740601939046,29837.9923828125,31637.572435465376,28038.412330159623,0.0,0.0
29794.890625,30604.734375,29652.705078125,30467.48828125,30467.48828125,29083562061,46.428629568357614,43.904397519551615,29897.21162109375,31697.804128969947,28096.61911321755,0.0,0.0
30467.806640625,30633.03515625,29375.689453125,29704.390625,29704.390625,26175547452,43.69319772044367,42.21530547903772,29877.36787109375,31677.27527475887,28077.460467428627,0.0,0.0
29706.138671875,29930.564453125,29500.005859375,29832.9140625,29832.9140625,16588370958,44.28854643513295,42.6057909512607,29803.75791015625,31480.271194728397,28127.244625584106,0.0,0.0
29835.1171875,30117.744140625,29574.44921875,29906.662109375,29906.662109375,17264085441,44.65018902613376,42.838521291033025,29805.9451171875,31482.875506376422,28129.01472799858,0.0,0.0
29910.283203125,31693.291015625,29894.1875,31370.671875,31370.671875,31947336829,51.395332513489,47.293369690523306,29853.18583984375,31646.502459657233,28059.86922003027,0.0,0.0
31371.7421875,31489.68359375,29311.68359375,31155.478515625,31155.478515625,40770974039,50.42265179306416,46.73127268210195,29974.94619140625,31774.71740502259,28175.174977789906,0.0,0.0
31151.48046875,31253.69140625,29944.404296875,30214.35546875,30214.35546875,30242059107,46.29604799064505,44.312769034282034,29969.947265625,31766.47252565854,28173.42200559146,0.0,0.0
30215.279296875,30609.310546875,30020.265625,30111.998046875,30111.998046875,21692004719,45.856480641437976,44.05241096109,30015.51015625,31777.582486046944,28253.437826453053,0.0,0.0
30110.330078125,30245.80859375,28978.146484375,29083.8046875,29083.8046875,29867476527,41.58517919340656,41.48175455796971,29998.0890625,31789.52870238698,28206.64942261302,0.0,0.0
29084.666015625,29401.916015625,28236.212890625,28360.810546875,28360.810546875,27246574439,38.84523379552332,39.76834513317968,29899.94345703125,31819.749302406453,27980.13761165605,0.0,0.0
28373.513671875,28502.685546875,26762.6484375,26762.6484375,26762.6484375,34163220274,33.578562996676,36.28931525334596,29783.13037109375,32122.204212141703,27444.056530045797,0.0,1.0
26737.578125,26795.58984375,22141.2578125,22487.388671875,22487.388671875,68204556440,24.14693274046951,29.1310504272535,29424.7205078125,33374.37261721674,25475.06839840826,0.0,1.0
22487.986328125,23018.951171875,20950.818359375,22206.79296875,22206.79296875,50913575242,23.67687391204953,28.740363346804628,29056.94208984375,34104.18039600436,24009.703783683137,0.0,1.0
22196.73046875,22642.671875,20178.376953125,22572.83984375,22572.83984375,54912007015,25.708618203845106,30.025814979708215,28722.2228515625,34503.774484578345,22940.671218546653,0.0,1.0
22576.3046875,22868.921875,20265.2265625,20381.650390625,20381.650390625,31183975654,21.94299611382486,26.968112583300737,28309.92666015625,35140.56534258756,21479.287977724944,0.0,1.0
20385.71875,21243.3125,20326.51953125,20471.482421875,20471.482421875,27132421514,22.444537028301866,27.286865279829968,27892.75576171875,35521.56566219146,20263.94586124604,0.0,0.0
20473.42578125,20736.041015625,17708.623046875,19017.642578125,19017.642578125,42009436760,20.1841866061243,25.40279341064013,27371.3400390625,35879.11783598474,18863.56224214026,0.0,0.0
19010.90234375,20683.822265625,18067.15234375,20553.271484375,20553.271484375,35329942625,28.3878228294317,30.708948972417957,26812.68408203125,35566.98678245038,18058.38138161212,0.0,0.0
20553.37109375,20913.322265625,19689.169921875,20599.537109375,20599.537109375,30818458597,28.625843829288982,30.864516829523083,26253.04541015625,35093.087101982404,17413.003718330096,0.0,0.0
20594.294921875,21620.62890625,20415.0625,20710.59765625,20710.59765625,28970212744,29.233894470954084,31.253547361562724,25798.6212890625,34795.79890393518,16801.443674189817,0.0,0.0
20719.4140625,20835.75,19848.078125,19987.029296875,19987.029296875,28574793478,27.58505970571933,30.095071155673196,25274.59833984375,34343.5597647765,16205.636914910996,0.0,0.0
19986.607421875,21135.76171875,19950.1171875,21085.876953125,21085.876953125,26188097173,33.700700936350785,33.99631588573915,24843.67265625,33848.545724815725,15838.799587684274,0.0,0.0
21084.6484375,21472.91796875,20777.51171875,21231.65625,21231.65625,24957784918,34.491119351826796,34.505468643032884,24413.609765625,33244.167458276424,15583.052072973573,0.0,0.0
21233.609375,21520.9140625,20964.5859375,21502.337890625,21502.337890625,18372538715,36.016450278716846,35.47587645697902,23993.3935546875,32533.46372321096,15453.323386164042,0.0,0.0
21496.494140625,21783.724609375,21016.26953125,21027.294921875,21027.294921875,18027170497,34.49828123020718,34.533016576715326,23476.22470703125,31396.934596441653,15555.51481762085,0.0,0.0
21028.23828125,21478.08984375,20620.19921875,20735.478515625,20735.478515625,20965695707,33.56237276337092,33.951003493487605,22955.22470703125,30121.816036107084,15788.633377955417,0.0,0.0
20731.544921875,21164.423828125,20228.8125,20280.634765625,20280.634765625,21381535161,32.10057935662941,33.039673216031034,22458.538671875,28882.317434853685,16034.759908896318,0.0,0.0
20281.169921875,20364.15625,19937.791015625,20104.0234375,20104.0234375,23552740328,31.52639849686946,32.68200732045895,21958.13994140625,27403.96387858074,16512.31600423176,0.0,0.0
20108.3125,20141.16015625,18729.65625,19784.7265625,19784.7265625,26267239923,30.46542655527989,32.02392272106563,21493.18603515625,25918.340873501584,17068.031196810916,0.0,0.0
19820.470703125,20632.671875,19073.708984375,19269.3671875,19269.3671875,30767551159,28.781792975602997,30.967155976645714,21038.6138671875,24249.79319671895,17827.434537656052,0.0,0.0
19274.8359375,19371.748046875,19027.08203125,19242.255859375,19242.255859375,18100418740,28.69196205312622,30.910812331681413,20662.59423828125,22621.82258309936,18703.36589346314,0.0,0.0
19242.095703125,19558.26953125,18966.951171875,19297.076171875,19297.076171875,16390821947,29.173333376051772,31.176676171564296,20503.07861328125,22358.812360784796,18647.344865777704,0.0,0.0
19297.314453125,20258.748046875,19063.06640625,20231.26171875,20231.26171875,21594638208,36.98049284044057,35.61018234829103,20404.30205078125,22089.226045580643,18719.37805598186,0.0,0.0
20225.353515625,20635.466796875,19341.232421875,20190.115234375,20190.115234375,26715546990,36.788144517082074,35.50440739736733,20285.1658203125,21645.628634639746,18924.703005985255,0.0,0.0
20194.619140625,20595.529296875,19823.51171875,20548.24609375,20548.24609375,24598943708,39.726703091871215,37.20893788615017,20293.49560546875,21658.25269721692,18928.73851372058,0.0,0.0
20547.814453125,21771.81640625,20296.103515625,21637.587890625,21637.587890625,25814972520,47.692144297422324,42.0964894539058,20351.80087890625,21836.369790299344,18867.23196751316,0.0,0.0
21637.154296875,22314.94140625,21257.453125,21731.1171875,21731.1171875,49899834488,48.32360349868226,42.49998088270116,20487.474609375,21955.405953014575,19019.543265735425,0.0,0.0
21716.828125,21877.138671875,21445.95703125,21592.20703125,21592.20703125,29641127858,47.40822007679638,42.04310333766895,20539.42138671875,22084.494025131033,18994.348748306467,0.0,0.0
21591.080078125,21591.080078125,20727.123046875,20860.44921875,20860.44921875,28688807249,42.807922422121344,39.683475829821845,20552.4669921875,22103.74314440791,19001.19083996709,0.0,0.0
20856.353515625,20856.353515625,19924.5390625,19970.556640625,19970.556640625,24150249025,37.981165082522715,37.02973329653265,20515.46494140625,22085.08399183455,18945.845890977955,0.0,0.0
19970.474609375,20043.4453125,19308.53125,19323.9140625,19323.9140625,25810220018,34.90160872625391,35.232090080702676,20482.3091796875,22121.64337339208,18842.974985982924,0.0,0.0
19325.97265625,20223.052734375,18999.953125,20212.07421875,20212.07421875,33042430345,41.87285661972512,39.46989199665712,20438.61904296875,22057.73233791112,18819.50574802638,0.0,0.0
20211.466796875,20789.89453125,19689.2578125,20569.919921875,20569.919921875,31158743333,44.453830382374576,41.10026848982947,20405.5322265625,21985.030657708496,18826.033795416504,0.0,0.0
20573.15625,21138.244140625,20397.0,20836.328125,20836.328125,25905575359,46.3632591441551,42.31483603839555,20372.23173828125,21884.481748098337,18859.981728464165,0.0,0.0
20834.103515625,21514.404296875,20518.8984375,21190.31640625,21190.31640625,24302954056,48.87794435591389,43.92802341344831,20380.3828125,21908.34396450656,18852.42166049344,0.0,0.0
21195.041015625,21600.640625,20778.1796875,20779.34375,20779.34375,22927802083,46.171471424179884,42.47986151501798,20382.57607421875,21912.694179042017,18852.45796939548,0.0,0.0
20781.912109375,22633.033203125,20781.912109375,22485.689453125,22485.689453125,39974475562,56.853921340661266,49.7078732789489,20492.82880859375,22274.731590393767,18710.92602679373,1.0,0.0
22467.849609375,23666.962890625,21683.40625,23389.43359375,23389.43359375,48765202697,61.24116927870143,52.992838144288754,20657.09931640625,22828.520108836517,18485.67852397598,1.0,0.0
23393.19140625,24196.818359375,23009.94921875,23231.732421875,23231.732421875,42932549127,60.09288865123876,52.36613770915587,20829.449609375,23231.48833617696,18427.410882573036,1.0,0.0
23233.201171875,23388.322265625,22431.1484375,23164.62890625,23164.62890625,33631012204,59.580962734114564,52.09090227238255,21024.2126953125,23518.58645310881,18529.838937516193,0.0,0.0
23163.751953125,23671.927734375,22603.416015625,22714.978515625,22714.978515625,31421555646,56.130350373444344,50.233251404109474,21197.848828125,23655.07616720234,18740.62148904766,0.0,0.0
22706.984375,22977.2109375,22002.91015625,22465.478515625,22465.478515625,24021799169,54.252802193680346,49.21078884061872,21356.2689453125,23709.21776085589,19003.32012976911,0.0,0.0
22465.509765625,22974.001953125,22306.83984375,22609.1640625,22609.1640625,23565495303,55.1825553189536,49.82830276306398,21475.1640625,23829.02151697209,19121.30660802791,0.0,0.0
22607.15625,22649.12109375,21361.642578125,21361.701171875,21361.701171875,35574561406,46.37106354846538,44.85659658764248,21533.743359375,23813.923932764104,19253.562785985894,0.0,0.0
21361.12109375,21361.12109375,20776.81640625,21239.75390625,21239.75390625,28624673855,45.60443701511674,44.401855486306395,21568.31875,23808.293438319593,19328.344061680404,0.0,0.0
21244.169921875,22986.529296875,21070.806640625,22930.548828125,22930.548828125,31758955233,56.37375449082374,51.552101733608104,21632.966796875,23950.496438289447,19315.437155460553,0.0,0.0
22933.640625,24110.470703125,22722.265625,23843.88671875,23843.88671875,40212386158,60.87938525435677,54.845834501903546,21738.6052734375,24248.986194386667,19228.224352488334,0.0,0.0
23845.212890625,24294.787109375,23481.173828125,23804.6328125,23804.6328125,35887249746,60.58975558456947,54.678082620090514,21849.2265625,24514.272820871516,19184.180304128484,0.0,0.0
23796.818359375,24572.580078125,23580.5078125,23656.20703125,23656.20703125,28148218301,59.43829186965275,54.022072177899894,21989.014453125,24724.30392548156,19253.724980768442,0.0,0.0
23652.0703125,24121.642578125,23275.703125,23336.896484375,23336.896484375,23553591896,56.931643692450926,52.59663316943831,22157.3314453125,24787.352141811545,19527.310748813452,0.0,0.0
23336.71875,23464.787109375,22890.796875,23314.19921875,23314.19921875,25849159141,56.74844347862619,52.49325460990705,22356.845703125,24684.89271805625,20028.79868819375,0.0,0.0
23308.43359375,23415.041015625,22710.083984375,22978.1171875,22978.1171875,28389250717,53.97862985701264,50.93669990600226,22495.1478515625,24616.581252379616,20373.71445074538,0.0,0.0
22981.302734375,23578.650390625,22747.8359375,22846.5078125,22846.5078125,26288169966,52.889960369349645,50.32313653831782,22608.97724609375,24540.82646330645,20677.12802888105,0.0,0.0
22848.21484375,23198.009765625,22485.701171875,22630.95703125,22630.95703125,25120229769,51.07313102669521,49.301858523639915,22698.70869140625,24451.270847171934,20946.146535640564,0.0,0.0
22626.833984375,23422.828125,22612.177734375,23289.314453125,23289.314453125,28881249043,56.04013042048031,52.3998889615719,22803.65859375,24429.12153020396,21178.195657296037,0.0,0.0
23291.423828125,23326.5625,22961.279296875,22961.279296875,22961.279296875,15978259885,53.145099256642524,50.776566037218025,22912.75537109375,24246.891822272482,21578.618919915018,0.0,0.0
22963.505859375,23359.009765625,22894.556640625,23175.890625,23175.890625,15886817043,54.79060621970307,51.802271519087455,22947.2654296875,24271.09595754927,21623.43490182573,0.0,0.0
23179.52734375,24203.689453125,23176.546875,23809.486328125,23809.486328125,28575544847,59.33155434523984,54.72670503239239,22968.26806640625,24332.21280941478,21604.32332339772,0.0,0.0
23811.484375,23898.615234375,22982.0,23164.318359375,23164.318359375,23555719219,53.444889647217394,51.392698282736625,22964.89736328125,24326.552336310942,21603.242390251555,0.0,0.0
23162.8984375,24127.4140625,22771.51953125,23947.642578125,23947.642578125,32837431722,58.79090378902123,54.89572115496124,23004.048046875,24429.934527307923,21578.161566442075,0.0,0.0
23948.345703125,24822.62890625,23900.99609375,23957.529296875,23957.529296875,37127036580,58.85512430733872,54.93875840747137,23066.1755859375,24543.614583217066,21588.736588657935,0.0,0.0
23957.203125,24412.56640625,23657.265625,24402.818359375,24402.818359375,27265804688,61.7466355551743,56.88430370147173,23163.042578125,24722.032161374605,21604.052994875397,0.0,0.0
24402.1875,24860.05078125,24346.115234375,24424.068359375,24424.068359375,22987346289,61.88429773661419,56.97738045947044,23253.78779296875,24882.956497183837,21624.61908875366,0.0,0.0
24429.056640625,24974.9140625,24206.259765625,24319.333984375,24319.333984375,22994133555,60.72439073585476,56.34786998958947,23401.66943359375,24843.124992783072,21960.213874404428,0.0,0.0
24318.31640625,25135.58984375,23839.775390625,24136.97265625,24136.97265625,35123501685,58.66265681912832,55.232225506994936,23546.53037109375,24626.90705569965,22466.153686487854,0.0,0.0
24126.13671875,24228.416015625,23733.5,23883.291015625,23883.291015625,27753685646,55.823262939655336,53.67982074831834,23594.16748046875,24645.324698950837,22543.010261986663,0.0,0.0
23881.31640625,24407.05859375,23243.353515625,23335.998046875,23335.998046875,30931623076,50.18023595489763,50.46662756872954,23568.773046875,24619.111249851394,22518.43484389861,0.0,0.0
23341.0390625,23563.83203125,23177.6015625,23212.73828125,23212.73828125,23747613147,48.97936534825442,49.76223234549162,23539.1783203125,24594.60862797333,22483.74801265167,0.0,0.0
23213.3125,23213.3125,20868.84765625,20877.552734375,20877.552734375,40509610260,32.91056154430754,38.94817659539491,23400.24560546875,24965.75988052992,21834.73133040758,0.0,1.0
20872.841796875,21350.806640625,20856.73046875,21166.060546875,21166.060546875,27595671000,35.71657822224178,40.622113063330545,23291.70380859375,25135.94446851992,21447.46314866758,0.0,1.0
21160.392578125,21668.845703125,21103.197265625,21534.12109375,21534.12109375,23102307723,39.20972300108469,42.72565629126552,23202.69990234375,25199.51111565906,21205.888689028438,0.0,0.0
21531.462890625,21531.462890625,20939.18359375,21398.908203125,21398.908203125,31666498758,38.38452664231592,42.14967410331089,23123.739453125,25269.190788189775,20978.288118060223,0.0,0.0
21401.044921875,21646.203125,20955.138671875,21528.087890625,21528.087890625,31878280659,39.69042863972332,42.921568296654875,23057.81845703125,25311.57718979221,20804.059724270293,0.0,0.0
21526.455078125,21783.076171875,21195.005859375,21395.01953125,21395.01953125,31962253368,38.77867189604403,42.310943348442684,22996.02158203125,25358.370186409757,20633.672977652746,0.0,0.0
21395.458984375,21789.63671875,21362.44140625,21600.904296875,21600.904296875,31028679593,41.035597234601916,43.61413391233407,22911.60107421875,25345.579288228328,20477.622860209172,0.0,0.0
21596.0859375,21804.908203125,20199.482421875,20260.01953125,20260.01953125,42326789564,32.605119749113655,37.77817754723215,22776.5380859375,25470.41359414137,20082.66257773363,0.0,0.0
20262.48046875,20340.775390625,19890.5234375,20041.73828125,20041.73828125,30116729776,31.471623164956043,36.933445667457505,22619.83046875,25556.268046634967,19683.39289086503,0.0,0.0
20041.03515625,20139.0546875,19616.814453125,19616.814453125,19616.814453125,24366810591,29.333752738664828,35.31918911590692,22410.196875,25567.323020653952,19253.07072934605,0.0,0.0
19615.154296875,20357.462890625,19600.78515625,20297.994140625,20297.994140625,32637854078,36.7511288753073,39.751582309307594,22266.8806640625,25532.432315756727,19001.329012368275,0.0,0.0
20298.611328125,20542.64453125,19617.640625,19796.80859375,19796.80859375,34483360283,33.92927580548685,37.75291957614742,22059.33896484375,25398.020208445694,18720.65772124181,0.0,0.0
19799.58203125,20420.990234375,19799.58203125,20049.763671875,20049.763671875,33225232872,36.576223494892645,39.36846009863159,21863.95068359375,25192.78522271984,18535.11614446766,0.0,0.0
20050.498046875,20198.390625,19653.96875,20127.140625,20127.140625,30182031010,37.40235125861774,39.8697047218526,21650.166796875,24845.86033801714,18454.47325573286,0.0,0.0
20126.072265625,20401.568359375,19814.765625,19969.771484375,19969.771484375,29123998928,36.364894315551005,39.17804711052573,21427.451953125,24434.092820930404,18420.811085319598,0.0,0.0
19969.71875,20037.009765625,19698.35546875,19832.087890625,19832.087890625,23613051457,35.43871215517204,38.56347030011325,21203.0896484375,23973.464441628643,18432.71485524636,0.0,0.0
19832.470703125,19999.689453125,19636.81640625,19986.712890625,19986.712890625,25245861652,37.36798076457404,39.67927139241786,20995.57666015625,23460.756271505146,18530.397048807354,0.0,0.0
19988.7890625,20031.16015625,19673.046875,19812.37109375,19812.37109375,28813460025,36.05956000858968,38.84406109761743,20792.0306640625,22918.906981300053,18665.154346824944,0.0,0.0
19817.724609375,20155.26953125,18800.171875,18837.66796875,18837.66796875,43403978910,29.781208401119756,34.57218088395126,20567.11416015625,22514.11334708761,18620.11497322489,0.0,0.0
18837.68359375,19427.171875,18644.466796875,19290.32421875,19290.32421875,35239757134,35.40590230154385,37.90226831540411,20370.99345703125,21971.96991719767,18770.01699686483,0.0,0.0
19289.94140625,19417.3515625,19076.71484375,19329.833984375,19329.833984375,32194477850,35.888628891858346,38.190587167987054,20293.60751953125,21938.190579739443,18649.02445932306,0.0,0.0
19328.140625,21439.41015625,19310.962890625,21381.15234375,21381.15234375,48469528171,54.78272343399007,50.67532551552465,20304.362109375,21974.24434745817,18634.47987129183,0.0,0.0
21376.912109375,21760.275390625,21168.72265625,21680.5390625,21680.5390625,36913738894,56.78449606757084,52.156269476497904,20311.6830078125,22004.196959359786,18619.16905626521,0.0,0.0
21678.54296875,21770.552734375,21406.9453125,21769.255859375,21769.255859375,34493951963,57.386522184689156,52.599085916166516,20330.200390625,22077.11879191776,18583.281989332238,0.0,0.0
21770.1484375,22439.181640625,21603.896484375,22370.44921875,22370.44921875,50212088965,61.319001376684845,55.527850359006685,20372.31845703125,22267.091355904857,18477.545558157646,1.0,0.0
22371.48046875,22673.8203125,20062.669921875,20296.70703125,20296.70703125,51091116622,45.66492432139676,45.37392507780571,20317.40283203125,22153.175518103635,18481.630145958865,0.0,0.0
20184.5546875,20467.201171875,19793.396484375,20241.08984375,20241.08984375,37872380889,45.33068035612117,45.141468231159934,20249.412109375,21988.164516661618,18510.659702088382,0.0,0.0
20242.2890625,20318.166015625,19636.734375,19701.2109375,19701.2109375,36389011503,42.10868761101312,42.90128800858077,20221.4716796875,21976.527138893784,18466.416220481216,0.0,0.0
19704.005859375,19870.62890625,19400.076171875,19772.583984375,19772.583984375,30123362273,42.68864430245027,43.2919303541917,20208.01396484375,21972.478313656822,18443.54961603068,0.0,0.0
19777.033203125,20162.53125,19777.033203125,20127.576171875,20127.576171875,24957448100,45.607358435727384,45.24818499556783,20233.55205078125,21977.71842417433,18489.38567738817,0.0,0.0
20127.234375,20127.234375,19387.4921875,19419.505859375,19419.505859375,31254779144,41.11015748594543,42.199354899844636,20189.62763671875,21968.982184084773,18410.273089352726,0.0,0.0
19418.572265625,19639.48046875,18390.318359375,19544.12890625,19544.12890625,40177002624,42.190626459849334,42.91024346486812,20176.99365234375,21970.854432084187,18383.132872603313,0.0,0.0
19545.591796875,19602.45703125,18813.455078125,18890.7890625,18890.7890625,36791346508,38.23051409886722,40.189359587943564,20119.044921875,21998.441429118804,18239.648414631196,0.0,0.0
18891.283203125,19674.630859375,18290.314453125,18547.400390625,18547.400390625,46363793975,36.30187024482194,38.83054973815236,20040.05791015625,22040.35179801347,18039.76402229903,0.0,0.0
18534.650390625,19456.91015625,18415.591796875,19413.55078125,19413.55078125,41135767926,43.978780800397985,43.85783360190435,20012.246875,22031.057421652993,17993.43632834701,0.0,0.0
19412.400390625,19464.671875,18617.552734375,19297.638671875,19297.638671875,38896078052,43.2279456716297,43.357126074143395,19985.5244140625,22027.185793544326,17943.863034580674,0.0,0.0
19296.990234375,19310.197265625,18861.974609375,18937.01171875,18937.01171875,26149643168,40.88899078024601,41.798242645170475,19933.03935546875,22025.2243269558,17840.854383981703,0.0,0.0
18936.310546875,19134.732421875,18696.46875,18802.09765625,18802.09765625,23359966112,40.01665880033349,41.21612779651169,19882.52568359375,22031.926783961055,17733.124583226447,0.0,0.0
18803.900390625,19274.873046875,18721.28515625,19222.671875,19222.671875,44148798321,44.025645427462635,43.77898304589033,19901.77587890625,22020.072055334687,17783.479702477813,0.0,0.0
19221.83984375,20338.455078125,18915.66796875,19110.546875,19110.546875,58571439619,43.19675041951152,43.251130693762946,19892.78701171875,22022.878449408927,17762.69557402857,0.0,0.0
19104.62109375,19688.34375,18553.296875,19426.720703125,19426.720703125,53071298734,46.26880171801617,45.20719481828905,19897.63134765625,22023.015077988362,17772.247617324138,0.0,0.0
19427.779296875,19589.265625,18924.353515625,19573.05078125,19573.05078125,41037843771,47.67913757070659,46.10987120658963,19807.22626953125,21823.526665852398,17790.9258732101,0.0,0.0
19573.431640625,20109.849609375,19265.662109375,19431.7890625,19431.7890625,43975248085,46.41263007431377,45.35253229823461,19694.78876953125,21522.69166022441,17866.88587883809,0.0,0.0
19431.10546875,19471.154296875,19231.08203125,19312.095703125,19312.095703125,18719537670,45.314270302931355,44.69935291904127,19571.93076171875,21137.00605470497,18006.855468732534,0.0,0.0
19311.849609375,19370.30859375,18970.62109375,19044.107421875,19044.107421875,20765955327,42.86817238721371,43.23547061431618,19405.613671875,20315.66507699855,18495.562266751447,0.0,0.0
19044.068359375,19653.54296875,19025.2265625,19623.580078125,19623.580078125,30484729489,49.24780284308368,47.16409509083771,19371.95732421875,20193.148505883153,18550.76614255435,0.0,0.0
19623.583984375,20380.34375,19523.83984375,20336.84375,20336.84375,35887278685,55.791524069272974,51.50212592385587,19376.74501953125,20218.995673652567,18534.49436540993,1.0,0.0
20335.900390625,20343.748046875,19801.80078125,20160.716796875,20160.716796875,33223790572,53.94201071083362,50.428617242776944,19399.7203125,20299.2432033535,18500.197421646502,0.0,0.0
20161.0390625,20408.392578125,19900.087890625,19955.443359375,19955.443359375,34711412966,51.787227778924645,49.17427907356696,19408.86328125,20326.886817475497,18490.839745024503,0.0,0.0
19957.55859375,20041.0859375,19395.79296875,19546.849609375,19546.849609375,29227315390,47.70251676591308,46.7442363431505,19379.826953125,20239.997390410434,18519.656515839568,0.0,0.0
19546.328125,19601.6953125,19299.4140625,19416.568359375,19416.568359375,16437423167,46.44460881229412,45.98345990970183,19379.680078125,20239.82436715862,18519.535789091377,0.0,0.0
19417.478515625,19542.5390625,19349.259765625,19446.42578125,19446.42578125,16837262532,46.79090563636269,46.194185789838045,19374.794921875,20232.253406767184,18517.336436982816,0.0,0.0
19446.416015625,19515.466796875,19102.978515625,19141.484375,19141.484375,27425022774,43.68407730285819,44.339233729913985,19387.3296875,20223.17716149945,18551.482213500552,0.0,0.0
19139.0,19241.9609375,18925.603515625,19051.41796875,19051.41796875,28711532910,42.78056628273991,43.79385985241363,19412.53056640625,20172.511983553803,18652.5491492587,0.0,0.0
19052.646484375,19203.19921875,19029.7578125,19157.4453125,19157.4453125,24950173846,44.242584068060005,44.63560582464348,19399.72529296875,20167.793872903367,18631.656713034132,0.0,0.0
19156.966796875,19453.328125,18319.822265625,19382.904296875,19382.904296875,44219840004,47.324710029897375,46.42696430966016,19403.98857421875,20170.688577319943,18637.28857111756,0.0,0.0
19382.533203125,19889.146484375,19115.408203125,19185.65625,19185.65625,38452356727,44.982011185504874,45.08686657976472,19416.42080078125,20160.148558618224,18672.693042944273,0.0,0.0
19185.4375,19212.541015625,19019.25,19067.634765625,19067.634765625,16192235532,43.59153452503887,44.28380513659182,19429.69765625,20137.70728379423,18721.68802870577,0.0,0.0
19068.9140625,19389.603515625,19068.9140625,19268.09375,19268.09375,17988916650,46.61031366413427,45.9991562117024,19431.96875,20137.59487686227,18726.34262313773,0.0,0.0
19268.5625,19635.802734375,19173.333984375,19550.7578125,19550.7578125,27472552998,50.62305379841522,48.35338052373327,19453.979296875,20145.4488465617,18762.509747188302,0.0,0.0
19550.466796875,19666.994140625,19144.76953125,19334.416015625,19334.416015625,30580012344,47.66992329942186,46.71664657634477,19449.3640625,20142.729338562043,18755.99878643796,0.0,0.0
19335.02734375,19348.416015625,19127.6875,19139.53515625,19139.53515625,22425387184,45.11672079282288,45.267359359780855,19427.68828125,20131.261417056066,18724.115145443935,0.0,0.0
19138.0859375,19315.19921875,18971.458984375,19053.740234375,19053.740234375,24493974420,43.99943321193137,44.627380115825865,19408.78583984375,20130.970036108432,18686.601643579066,0.0,0.0
19053.203125,19237.384765625,18770.970703125,19172.46875,19172.46875,32459287866,45.99266732936539,45.74200119972722,19401.8044921875,20130.26479540023,18673.34418897477,0.0,0.0
19172.380859375,19248.068359375,19132.244140625,19208.189453125,19208.189453125,16104440957,46.60839477436077,46.08484578383802,19410.00859375,20125.7551285479,18694.262058952103,0.0,0.0
19207.734375,19646.65234375,19124.197265625,19567.0078125,19567.0078125,22128794335,52.470316873928546,49.4535882319113,19407.17998046875,20119.969074810695,18694.390886126806,0.0,0.0
19567.76953125,19589.125,19206.32421875,19345.572265625,19345.572265625,30202235805,48.902094658138274,47.52925642119794,19357.61640625,19928.708569289643,18786.524243210355,0.0,0.0
19344.96484375,20348.412109375,19261.447265625,20095.857421875,20095.857421875,47761524910,59.06085421235152,53.90981779024727,19354.3734375,19907.645615768386,18801.10125923161,1.0,0.0
20092.236328125,20938.134765625,20076.1171875,20770.44140625,20770.44140625,58895950537,65.66949480076673,58.656085553331906,19395.12333984375,20187.75223996608,18602.49443972142,1.0,0.0
20772.802734375,20854.044921875,20255.373046875,20285.8359375,20285.8359375,49625110402,58.37885118917902,54.428325169347104,19432.07265625,20313.474482620422,18550.670829879575,0.0,0.0
20287.95703125,20724.98046875,20086.068359375,20595.3515625,20595.3515625,43994715910,61.33166849571311,56.52956138141813,19491.01181640625,20507.657953088208,18474.365679724295,1.0,0.0
20595.103515625,20988.39453125,20566.484375,20818.4765625,20818.4765625,40369840645,63.35023933943117,57.995548516627395,19559.61435546875,20728.707628601922,18390.52108233558,1.0,0.0
20817.982421875,20917.005859375,20547.462890625,20635.603515625,20635.603515625,31486345556,60.55988255107635,56.35987389281171,19634.3203125,20875.706295851996,18392.934329148004,0.0,0.0
20633.6953125,20795.3203125,20287.458984375,20495.7734375,20495.7734375,45668466815,58.440256850605394,55.111949628591844,19706.5380859375,20971.70321401618,18441.37295785882,0.0,0.0
20494.8984375,20647.2890625,20359.845703125,20485.2734375,20485.2734375,39819303159,58.27531450712937,55.015902484524744,19772.9294921875,21055.1138396186,18490.7451447564,0.0,0.0
20482.958984375,20742.810546875,20087.134765625,20159.50390625,20159.50390625,55552169483,53.253358602209865,52.06023696952911,19811.75947265625,21091.380375967205,18532.138569345294,0.0,0.0
20162.689453125,20382.095703125,20086.240234375,20209.98828125,20209.98828125,43228750179,53.91613700831832,52.4756869198715,19862.97607421875,21120.057329668292,18605.894818769208,0.0,0.0
20208.76953125,21209.560546875,20188.01953125,21147.23046875,21147.23046875,64072727950,64.09414409055967,59.34375020833373,19966.955859375,21286.18078730105,18647.73093144895,0.0,0.0
21144.83203125,21446.88671875,21097.634765625,21282.69140625,21282.69140625,37846047609,65.28743812680088,60.21627039136162,20067.6857421875,21463.50762537099,18671.86385900401,0.0,0.0
21285.056640625,21345.376953125,20920.19140625,20926.486328125,20926.486328125,35082693210,59.67152907234199,56.847767617728216,20136.47216796875,21558.954938504125,18713.989397433375,0.0,0.0
20924.62109375,21053.24609375,20489.97265625,20602.81640625,20602.81640625,53510852236,55.03870739115732,53.967411538865505,20199.8921875,21586.32841480141,18813.455960198593,0.0,0.0
20600.671875,20664.607421875,17603.544921875,18541.271484375,18541.271484375,118992465607,35.913352318137626,40.30866282348803,20169.97900390625,21667.964096884687,18671.993910927813,0.0,1.0
18543.76171875,18590.458984375,15682.6923828125,15880.7802734375,15880.7802734375,102905151606,24.21763760231447,30.01489302714475,20011.331005859374,22372.163473744058,17650.49853797469,0.0,1.0
15883.158203125,18054.3125,15834.0185546875,17586.771484375,17586.771484375,83202283721,38.13129983591888,40.28275625191145,19932.046142578125,22497.84921004441,17366.24307511184,0.0,0.0
17583.251953125,17650.943359375,16543.482421875,17034.29296875,17034.29296875,55871616488,35.83661231791943,38.36859616012513,19823.351318359375,22671.278303323103,16975.424333395647,0.0,0.0
17036.875,17066.67578125,16651.775390625,16799.185546875,16799.185546875,29717699419,34.874802235737704,37.570875862568485,19684.960205078125,22823.43961951244,16546.48079064381,0.0,0.0
16799.72265625,16920.765625,16320.634765625,16353.365234375,16353.365234375,27209183682,33.062715058489985,36.07741793509547,19535.349853515625,22993.29551253384,16077.404194497407,0.0,0.0
16352.0283203125,17109.32421875,15872.94140625,16618.19921875,16618.19921875,49630243054,35.21615421247661,37.62396311766655,19361.466943359374,23032.37513252597,15690.55875419278,0.0,0.0
16617.484375,17051.962890625,16542.55078125,16884.61328125,16884.61328125,36599436183,37.3979843826214,39.17828058001816,19167.175537109375,22929.420789137115,15404.930285081635,0.0,0.0
